{"cameraMode":{"drawMode":0,"name":"Shaded","section":"Shading Mode"},"sceneLighting":false,"audioPlay":false,"sceneViewState":{"m_AlwaysRefresh":false,"showFog":true,"showSkybox":false,"showFlares":true,"showImageEffects":true,"showParticleSystems":true,"showVisualEffectGraphs":true,"m_FxEnabled":true},"in2DMode":false,"pivot":{"x":0.6399434804916382,"y":0.11634373664855957,"z":-0.07911640405654907},"rotation":{"x":-0.12677820026874543,"y":0.4110881984233856,"z":-0.05785175785422325,"w":-0.9008774757385254},"size":0.9606418609619141,"orthographic":false}